Owner	Project	Title	Link	Fix Link	Stars	TF-IDFs	Size	Datetime	Arrow	Pendulum	Category 1	Category 2	Erroneous Computation 1	Erroneous Computation 2	Erroneous Computation 3	Obscurity	Impact	# LOC	Logic Needed	Bug Pattern 1	Bug Pattern 2	Bug Pattern 3
python-poetry	tomlkit	datetime.utcnow and datetime.utcfromtimestamp are deprecated in Python 3.12	https://github.com/python-poetry/tomlkit/issues/297	https://github.com/python-poetry/tomlkit/commit/3a99b5ba982ae80d7f5ba93805165780c8e326d8	643.0	1.312623494	1001.0	1.0	0.0	0.0	Other		Datetime (Construction)			Low	Low	Low	Low	Outdated/Deprecated APIs		
frictionlessdata	frictionless-py	SpssParser ignores timezones	https://github.com/frictionlessdata/frictionless-py/issues/1212	https://github.com/frictionlessdata/frictionless-py/pull/1431	683.0	1.270076663	1279.0	1.0	0.0	0.0	Time Zone	String Representation	Datetime (Construction)	String Handling		Low	Medium	Medium	High	Dropping Time Zone Information		
sdispater	pendulum	Deepcopy of Month-based Duration produces a different duration	https://github.com/sdispater/pendulum/issues/714	https://github.com/sdispater/pendulum/commit/9590c651c5c5ff3bec064abc7aaf270c0c6f5cee	6109.0	1.191295129	1014.0	1.0	0.0	1.0	Duration	Calendar Date	Time Delta			Medium	Medium	Medium	Low	Unintuitive Arithmetic		
googleapis	python-storage	`DeprecationWarning` warning in build log for python 3.12 `datetime.datetime.utcnow() is deprecated`	https://github.com/googleapis/python-storage/issues/1194	https://github.com/googleapis/python-storage/commit/dbe4bb1e7b80720943197410566b8bd28e2c1b4e	420.0	1.17635061	10349.0	1.0	0.0	0.0	Other		Datetime (Arithmetic)			Low	Low	Low	Low	Outdated/Deprecated APIs		
googleapis	python-logging	`DeprecationWarning` warning in build log for python 3.12 `datetime.datetime.utcfromtimestamp() is deprecated`	https://github.com/googleapis/python-logging/issues/818	https://github.com/googleapis/python-logging/pull/824	119.0	1.167279177	2673.0	1.0	0.0	0.0	Other		Datetime (Construction)			Low	Low	Low	Low	Outdated/Deprecated APIs		
pydantic	pydantic-extra-types	Pendulum `DateTime` wrapper losing `tz` and `timezone` values in 2.8.1	https://github.com/pydantic/pydantic-extra-types/issues/188	https://github.com/PrefectHQ/prefect/commit/641c025e5ba5f76df8632226cc81ebadd67317b1	153.0	1.100985305	1193.0	1.0	0.0	1.0	Time Zone		Datetime (Arithmetic)			Medium	Low	Low	Low	Using NaÃ¯ve Datetime Incorrectly	Dropping Time Zone Information	
moinwiki	moin	datetime.utcfromtimestamp() and .utcnow() are deprecated	https://github.com/moinwiki/moin/issues/1675	https://github.com/moinwiki/moin/pull/1677	287.0	1.08921495	1081.0	1.0	0.0	0.0	Other		Datetime (Construction)			Low	Low	Medium	Low	Outdated/Deprecated APIs		
feast-dev	feast	Retire/update the datetime.utcnow() function	https://github.com/feast-dev/feast/issues/4240	https://github.com/feast-dev/feast/pull/4305	5330.0	1.03551409	1124.0	1.0	0.0	0.0	Other		Time Delta	Datetime (Construction)	Time Delta	Low	Low	Medium	Low	Outdated/Deprecated APIs		
sdispater	pendulum	Default timezone isn't utc?	https://github.com/sdispater/pendulum/issues/171	https://github.com/sdispater/pendulum/pull/172	6109.0	1.024292861	3201.0	1.0	0.0	1.0	Other		Datetime (Construction)			Low	Low	Low	Low	Outdated/Deprecated APIs		
googleapis	google-cloud-python	gcloud.datastore.helpers.get_value_from_protobuf() returns naive datetimes	https://github.com/googleapis/google-cloud-python/issues/131	https://github.com/googleapis/google-cloud-python/pull/181	4704.0	1.016552945	1231.0	1.0	0.0	0.0	Time Zone	String Representation	String Handling	Datetime (Construction)		Medium	Medium	Low	Low	Using NaÃ¯ve Datetime Incorrectly	Dropping Time Zone Information	
mverleg	pyjson_tricks	Invalid datetime decoding	https://github.com/mverleg/pyjson_tricks/issues/41	https://github.com/mverleg/pyjson_tricks/commit/3fda9791a8bb39f966ae4e88e9e9555f2646917e	154.0	0.9651697541	1250.0	1.0	0.0	0.0	Time Zone		Datetime (Construction)			Medium	Medium	Medium	Low	Incorrect API Usage		
dateutil	dateutil	last day of the month is wrong??	https://github.com/dateutil/dateutil/issues/1167	https://github.com/dateutil/dateutil/pull/1170	2266.0	0.9356910032	1093.0	1.0	0.0	0.0	Calendar Date		Datetime (Arithmetic)			Low	Low	Medium	Medium	Unintuitive Arithmetic		
jupyter-server	jupyter_server	datetime.datetime.utcnow() and datetime.datetime.utcfromtimestamp() are deprecated in Python 3.12	https://github.com/jupyter-server/jupyter_server/issues/1296	https://github.com/jupyter-server/jupyter_server/pull/1353	461.0	0.8996655222	3303.0	1.0	0.0	0.0	Other		Datetime (Construction)			Low	Low	Medium	Low	Outdated/Deprecated APIs		
vacanza	python-holidays	Mississippi Holiday - Confederate Memorial Day - Calculation incorrect	https://github.com/vacanza/python-holidays/issues/1774	https://github.com/vacanza/python-holidays/pull/1775	1375.0	0.8971165925	1326.0	1.0	0.0	0.0	Calendar Date		Datetime (Arithmetic)	Datetime (Construction)		Low	Medium	Low	Low	Unintuitive Arithmetic		
seandstewart	typical	transmute from datetime.datetime -> pendulum.Datetime not handling tzinfo right	https://github.com/seandstewart/typical/issues/91	https://github.com/seandstewart/typical/pull/92	183.0	0.8828307451	1005.0	1.0	0.0	1.0	Time Zone		Datetime (Construction)			Low	Medium	Medium	Medium	Incorrect API Usage		
mverleg	pyjson_tricks	Ambiguous timezone info in datetime	https://github.com/mverleg/pyjson_tricks/issues/89	https://github.com/mverleg/pyjson_tricks/commit/b3e0b9e682a81b6d6e327cd114a85e70d697441c	154.0	0.8708167515	1400.0	1.0	0.0	0.0	DST	Time Zone	Datetime (Construction)			High	Medium	Medium	Medium	Unspecified Fold		
freach	udatetime	Timestamp conversion does not handle daylight time	https://github.com/freach/udatetime/issues/10	https://github.com/SkyTruth/udatetime/commit/a72ff2e3fa8af3ed86364001058ae1b8a2602acd	241.0	0.8538663708	1669.0	1.0	0.0	0.0	DST	Timestamps	Datetime (Construction)			Medium	Medium	High	High	Using NaÃ¯ve Datetime Incorrectly		
timvink	mkdocs-git-revision-date-localized-plugin	DeprecationWarning: datetime.datetime.utcfromtimestamp() is deprecated and scheduled for removal in a future version	https://github.com/timvink/mkdocs-git-revision-date-localized-plugin/issues/121	https://github.com/timvink/mkdocs-git-revision-date-localized-plugin/commit/4bf713aaa410ce8a79572545129656b59cc8f5bc	177.0	0.8354575386	1285.0	1.0	0.0	0.0	Other		Datetime (Construction)			Low	Low	Low	Low	Outdated/Deprecated APIs		
stringertheory	traces	[WIP] set_interval problems when dealing with hours	https://github.com/stringertheory/traces/issues/217	https://github.com/xeor/traces/commit/855af12f53c892131a1adb9ce6429a24dfd32d1a	525.0	0.8283535221	1530.0	1.0	0.0	0.0	Duration		Datetime (Construction)	Datetime (Component)		Low	Medium	Medium	Medium	Precision of Representation		
pallets	quart	DeprecationWarning: datetime.datetime.utcnow() is deprecated and scheduled for removal in a future version. Use timezone-aware objects to represent datetimes in UTC: datetime.datetime.now(datetime.UTC).	https://github.com/pallets/quart/issues/305	https://github.com/pallets/quart/pull/306	2715.0	0.8177812689	3499.0	1.0	0.0	0.0	Other		Datetime (Construction)			Low	Low	Low	Low	Outdated/Deprecated APIs		
vacanza	python-holidays	US Holidays Error: dictionary changed during iteration when passing years to holidays.US constructor	https://github.com/vacanza/python-holidays/issues/569	https://github.com/vacanza/python-holidays/pull/586	1375.0	0.7988695388	18315.0	1.0	0.0	0.0	Calendar Date		Datetime (Component)			Medium	Medium	Very High	Medium	Unintuitive Arithmetic		
googleapis	python-storage	generate_signed_post_policy_v4() improperly handles expiration timestamps with tzinfo=None	https://github.com/googleapis/python-storage/issues/244	https://github.com/googleapis/python-storage/pull/250	420.0	0.7762413996	1158.0	1.0	0.0	0.0	Time Zone		Datetime (Construction)			Medium	Medium	Low	Low	Using NaÃ¯ve Datetime Incorrectly		
apache	airflow	DateTimeSensorAsync breaks if target_time is timezone-aware	https://github.com/apache/airflow/issues/29576	https://github.com/apache/airflow/pull/29606	35031.0	0.7755959493	2962.0	1.0	0.0	1.0	Time Zone		Time Zone Localization	Datetime (Construction)		Low	High	Low	Low	Using NaÃ¯ve Datetime Incorrectly		
thombashi	DateTimeRange	Substraction from `end_datetime` with negative `relativedelta(days=-3, weeks=-2, ... )` ?	https://github.com/thombashi/DateTimeRange/issues/44	https://github.com/thombashi/DateTimeRange/commit/f474ba53721b7f3b61b4ebf6091861b1ad95c8af	101.0	0.7752957547	1001.0	1.0	0.0	0.0	Duration		Datetime (Arithmetic)			Low	Medium	Medium	Medium	Unintuitive Arithmetic		
danielgtaylor	python-betterproto	Inconsistancy between Timestamp field serailized via protobuf and json	https://github.com/danielgtaylor/python-betterproto/issues/467	https://github.com/danielgtaylor/python-betterproto/pull/468	1423.0	0.7374314984	3226.0	1.0	0.0	0.0	Time Zone		Time Zone Localization	String Handling		Low	Medium	Low	Low	Dropping Time Zone Information		
richardpenman	whois	Expiration date for .com.ua zone is a string instead of datetime	https://github.com/richardpenman/whois/issues/221	https://github.com/richardpenman/whois/pull/226	340.0	0.7309318669	1091.0	1.0	0.0	0.0	Time Zone	String Representation	String Handling	Datetime (Construction)		Medium	Medium	Low	Low	General		
sdispater	pendulum	Increase DateTime by 1 day across daylight saving change point fails	https://github.com/sdispater/pendulum/issues/768	https://github.com/sdispater/pendulum/commit/47c92b7cea3139ed631a573425f39c1c8b54ea6a	6109.0	0.7257255471	1714.0	1.0	0.0	1.0	Duration	DST	Datetime (Arithmetic)			Medium	Medium	Medium	Low	Unintuitive Arithmetic		
frictionlessdata	frictionless-py	Exception on pandas parser when using a datetime column containing timezone information as index	https://github.com/frictionlessdata/frictionless-py/issues/1105	https://github.com/frictionlessdata/frictionless-py/pull/1101	683.0	0.7248597494	1607.0	1.0	0.0	0.0	Time Zone		Time Zone Localization	Timestamp		Low	Medium	Medium	Low	Dropping Time Zone Information		
Election-Tech-Initiative	electionguard-python	ðŸ› Datetime tick generation is inconsistent	https://github.com/Election-Tech-Initiative/electionguard-python/issues/190	https://github.com/Election-Tech-Initiative/electionguard-python/pull/189	157.0	0.7242460704	1334.0	1.0	0.0	0.0	Timestamps	Time Zone	Timestamp	Datetime (Construction)		Low	Medium	Medium	Medium	Using NaÃ¯ve Datetime Incorrectly	Precision of Representation	
fsspec	filesystem_spec	datetime.utcnow() is deprecated	https://github.com/fsspec/filesystem_spec/issues/1312	https://github.com/fsspec/filesystem_spec/pull/1314	934.0	0.7227329485	1304.0	1.0	0.0	0.0	Other		Datetime (Construction)			Low	Low	Medium	Low	Outdated/Deprecated APIs		
scrapinghub	dateparser	Pickling DateTime Objects with Timezones	https://github.com/scrapinghub/dateparser/issues/365	https://github.com/scrapinghub/dateparser/pull/366	2480.0	0.7204216868	1648.0	1.0	0.0	0.0	Time Zone	String Representation	String Handling	Datetime (Construction)		Low	Medium	Low	Medium	Dropping Time Zone Information		
robotframework	robotframework	DateTime: `Get Current Date` with epoch format and timezone UTC return wrong value	https://github.com/robotframework/robotframework/issues/3306	https://github.com/robotframework/robotframework/commit/73d9a6cdead85001fae46d54705f3baf5887ffbd	9279.0	0.7174705468	1508.0	1.0	0.0	0.0	Other		Datetime (Construction)	Time Zone Localization		Low	Medium	Medium	Medium	Outdated/Deprecated APIs		
requests-cache	aiohttp-client-cache	`datetime.utcnow` is deprecated	https://github.com/requests-cache/aiohttp-client-cache/issues/237	https://github.com/requests-cache/aiohttp-client-cache/pull/243	112.0	0.7145898302	1218.0	1.0	0.0	0.0	Other		Time Delta			Low	Low	Medium	Low	Outdated/Deprecated APIs		
kayak	pypika	Interval query trims right zeros for integer values	https://github.com/kayak/pypika/issues/152	https://github.com/kayak/pypika/commit/40709f4088f596152f2fe395a403baef90d8d2a2	2407.0	0.713719698	1022.0	1.0	0.0	0.0	String Representation		String Handling	Time Delta		Low	Medium	Medium	Low	Precision of Representation	General	
dateutil	dateutil	Error when creating datetime.time with dateutil.tz.tzwinlocal	https://github.com/dateutil/dateutil/issues/216	https://github.com/dateutil/dateutil/pull/219	2266.0	0.7083106481	1795.0	1.0	0.0	0.0	Time Zone		Datetime (Construction)			Medium	Medium	Medium	Low	General		
facetoe	zenpy	IncrementalEndpoint start_time arg for timezone aware datetime	https://github.com/facetoe/zenpy/issues/86	https://github.com/facetoe/zenpy/commit/8a135b0d56f7add8c33dbf91f55d9c5ce9868619	333.0	0.7040864024	5715.0	1.0	0.0	0.0	Time Zone	Timestamps	Time Zone Localization	Timestamp		Medium	Medium	Medium	Medium	Using NaÃ¯ve Datetime Incorrectly		
PrefectHQ	prefect	Prefect datetimes need to be timezone-aware (especially schedules)	https://github.com/PrefectHQ/prefect/issues/308	https://github.com/PrefectHQ/prefect/pull/325	15193.0	0.6930265641	1415.0	1.0	0.0	1.0	Time Zone		Datetime (Construction)	Datetime (Arithmetic)		Low	Medium	Very High	High	Using NaÃ¯ve Datetime Incorrectly	Dropping Time Zone Information	
python-telegram-bot	python-telegram-bot	job_queue.run_daily fails for timezone aware datetime.datetime objects	https://github.com/python-telegram-bot/python-telegram-bot/issues/1409	https://github.com/torresjrjr/python-telegram-bot/commit/41c5469073b0c3303f4c377847317e7cfe6b3c90	25168.0	0.6903573489	1618.0	1.0	0.0	0.0	Time Zone		Time Zone Localization			Medium	Low	Low	Low	Using NaÃ¯ve Datetime Incorrectly		
sdispater	pendulum	Extra second prior to Dec 13, 1901	https://github.com/sdispater/pendulum/issues/152	https://github.com/sdispater/pendulum/commit/c0d37bd7823ae67367a5662e1da29585a2b7ef96	6109.0	0.6896613204	1045.0	1.0	0.0	1.0	Timestamps		Datetime (Component)	Datetime (Construction)		High	Low	Low	Medium	Unintuitive Arithmetic	Precision of Representation	
sdispater	pendulum	parse 'Z' timezone designator in iso8601 strings as Timezone('UTC'), not Timezone('+00:00')	https://github.com/sdispater/pendulum/issues/441	https://github.com/sdispater/pendulum/pull/448	6109.0	0.6874170625	1438.0	1.0	0.0	1.0	String Representation	Time Zone	String Handling	Datetime (Construction)		Medium	Low	High	Low	Comparing Time Zones		
scrapinghub	dateparser	Unable to parse UTC / GMT >= 10	https://github.com/scrapinghub/dateparser/issues/615	https://github.com/scrapinghub/dateparser/pull/632	2480.0	0.6843178725	1375.0	1.0	0.0	0.0	String Representation		String Handling			Low	Medium	Medium	Medium	Incorrect Format Assumptions		
aimhubio	aim	Store and retrieve all datetime objects and timestamps as UTC tz-aware times	https://github.com/aimhubio/aim/issues/1084	https://github.com/aimhubio/aim/pull/1216	4892.0	0.6835294552	1745.0	1.0	0.0	0.0	Time Zone	Timestamps	Datetime (Construction)	Timestamp		Medium	Medium	Low	Low	Using NaÃ¯ve Datetime Incorrectly		
RhetTbull	osxmetadata	bug: timezone not handled properly	https://github.com/RhetTbull/osxmetadata/issues/17	https://github.com/RhetTbull/osxmetadata/commit/10e17d562be6b43d9ab348c464cda9a9bdaaac82	110.0	0.6601730813	7645.0	1.0	0.0	0.0	Time Zone		Datetime (Construction)	Time Zone Localization		Medium	Medium	Very High	High	Using NaÃ¯ve Datetime Incorrectly		
skarim	vobject	Serializing iCalendar throws NonExistentTimeError when using pytz timezones	https://github.com/skarim/vobject/issues/32	https://github.com/medmunds/vobject/commit/c7efe6ad5b01fc88ccc3a4ade88f47f66418c40c	249.0	0.6583571373	3084.0	1.0	0.0	0.0	Time Zone	String Representation	String Handling			Medium	Medium	High	Medium	General		
googlemaps	google-maps-services-python	Timezones are ignored when converting datetimes	https://github.com/googlemaps/google-maps-services-python/issues/185	https://github.com/googlemaps/google-maps-services-python/pull/350	4396.0	0.6535934088	1987.0	1.0	0.0	0.0	Other		Time Zone Localization	Timestamp		Low	Medium	Low	Low	Outdated/Deprecated APIs		
holoviz	holoviews	Local timezone can break regrid operation	https://github.com/holoviz/holoviews/issues/2459	https://github.com/holoviz/holoviews/pull/2463	2650.0	0.6513918464	2342.0	1.0	0.0	0.0	Time Zone	Timestamps	Datetime (Construction)	Timestamp		Low	Medium	Low	Low	Using NaÃ¯ve Datetime Incorrectly		
unionai-oss	pandera	Pandas deprecated `(timezone naive timestamp).astype(timezone aware dtype)`	https://github.com/unionai-oss/pandera/issues/971	https://github.com/unionai-oss/pandera/pull/972	3095.0	0.6501153865	1304.0	1.0	0.0	0.0	Other		Time Zone Localization			Low	Low	Very High	High	Outdated/Deprecated APIs		
huggingface	huggingface_hub	`test_from_raw_initialization` seems to be missing daylight savings?	https://github.com/huggingface/huggingface_hub/issues/1976	https://github.com/huggingface/huggingface_hub/pull/1982	1790.0	0.6354657674	4311.0	1.0	0.0	0.0	Time Zone		Datetime (Construction)	String Handling		Low	Medium	Low	Low	Dropping Time Zone Information		
googleapis	python-ndb	Auto-add and naive datetimes not offsetting timezone correctly	https://github.com/googleapis/python-ndb/issues/517	https://github.com/chrisrossi/python-ndb/commit/bbda21f1ecf8d83ae41623b5f1347784817c00f9	147.0	0.6344238618	6016.0	1.0	0.0	0.0	Time Zone		Datetime (Construction)	Time Zone Localization		Low	Medium	Low	Low	Using NaÃ¯ve Datetime Incorrectly		
PrefectHQ	prefect	Timezone Union Schedule Test Fails	https://github.com/PrefectHQ/prefect/issues/1053	https://github.com/PrefectHQ/prefect/pull/1062	15193.0	0.6277091604	3157.0	1.0	0.0	1.0	Time Zone		Datetime (Arithmetic)	Datetime (Arithmetic)		High	Low	Medium	Medium	Unintuitive Arithmetic		
pydantic	pydantic	v2 TZInfo is not understood by pandas	https://github.com/pydantic/pydantic/issues/8195	https://github.com/pydantic/pydantic-core/pull/1197	19350.0	0.6182634619	3823.0	1.0	0.0	0.0	Time Zone		Datetime (Arithmetic)	Datetime (Component)		Low	Medium	Medium	Low	Comparing Time Zones		
agronholm	apscheduler	IntervalTrigger unnecessarily expects integers, when datetime.timedelta accepts floats	https://github.com/agronholm/apscheduler/issues/444	https://github.com/agronholm/apscheduler/commit/f37a9e7066be0e2118625bf4ca2bcbe5c8db3ce9	5869.0	0.6164578013	1584.0	1.0	0.0	0.0	Duration		Time Delta			Low	Low	Low	Low	Incorrect Format Assumptions	Incorrect API Usage	
scrapinghub	dateparser	Tests fail on 31st of a month	https://github.com/scrapinghub/dateparser/issues/1053	https://github.com/mweinelt/nixpkgs/commit/0cece84ef3b7ae1a2cd00b3f9893673e1b7e45e2	2480.0	0.6148361494	1213.0	1.0	0.0	0.0	Calendar Date		Datetime (Construction)	Datetime (Component)		Low	Low	Low	Low	Unintuitive Arithmetic		
agronholm	apscheduler	[v4.0.0a4] Combining daily and weekly triggers increments by 14 days	https://github.com/agronholm/apscheduler/issues/911	https://github.com/agronholm/apscheduler/pull/914	5869.0	0.6143886301	7263.0	1.0	0.0	0.0	Calendar Date	Duration	Datetime (Arithmetic)	Time Delta	Datetime (Arithmetic)	Medium	Medium	Low	Low	Unintuitive Arithmetic		
sqlalchemy	sqlalchemy	postgresql range tests might have a time-oriented race condition... seems like a transient DST issue	https://github.com/sqlalchemy/sqlalchemy/issues/9471	https://github.com/sqlalchemy/sqlalchemy/commit/e8420e993764b5dcd4ce5879412d556d2a7d2870	9045.0	0.6120064634	4295.0	1.0	0.0	0.0	DST	Time Zone	Datetime (Construction)	Time Zone Localization		High	Low	Medium	Medium	Unintuitive Arithmetic		
qutebrowser	qutebrowser	New completion and timezone issues	https://github.com/qutebrowser/qutebrowser/issues/2830	https://github.com/qutebrowser/qutebrowser/pull/2295	9434.0	0.6101371888	3965.0	1.0	0.0	0.0	Other		Timestamp	String Handling	Datetime (Construction)	Medium	Medium	Very High	Medium	Outdated/Deprecated APIs		
sdispater	pendulum	duration months cannot be added to other durations	https://github.com/sdispater/pendulum/issues/479	https://github.com/sdispater/pendulum/pull/482	6109.0	0.6080746729	1357.0	1.0	0.0	1.0	Duration		Time Delta	Time Delta		Low	High	High	Medium	General	Unintuitive Arithmetic	
hyperledger	aries-cloudagent-python	[BUG] Improper Use of TimeZone-Naive datetime.utcnow()	https://github.com/hyperledger/aries-cloudagent-python/issues/2678	https://github.com/hyperledger/aries-cloudagent-python/pull/2679	399.0	0.5979026499	6961.0	1.0	0.0	0.0	Time Zone	Timestamps	Datetime (Construction)			Low	Medium	Low	Low	Outdated/Deprecated APIs	Using NaÃ¯ve Datetime Incorrectly	
GadgetReactor	pyHS100	Set timezone functionality	https://github.com/GadgetReactor/pyHS100/issues/53	https://github.com/jeffsf/pyHS100/commit/fba7637ee75390b1baab5ebbf2b6d08363e6e5a5	406.0	0.5967350099	13142.0	1.0	0.0	0.0	Time Zone		Datetime (Construction)			Low	Medium	Medium	Low	Using NaÃ¯ve Datetime Incorrectly		
raiden-network	raiden	Remove naive datetime usage	https://github.com/raiden-network/raiden/issues/7043	https://github.com/raiden-network/raiden-services/pull/1012	1841.0	0.5954214629	2249.0	1.0	0.0	0.0	Time Zone		Datetime (Construction)			Medium	Low	Low	Low	Dropping Time Zone Information	Using NaÃ¯ve Datetime Incorrectly	
Opentrons	opentrons	bug: HTTP API returns datetime strings without timezone info	https://github.com/Opentrons/opentrons/issues/6374	https://github.com/Opentrons/opentrons/pull/6375	391.0	0.5926222358	2711.0	1.0	0.0	0.0	Other		Datetime (Construction)	String Handling		Low	Medium	Medium	Low	Outdated/Deprecated APIs		
jdemaeyer	brightsky	Enforce ISO 8601 compliant timestamps	https://github.com/jdemaeyer/brightsky/issues/101	https://github.com/jdemaeyer/brightsky/commit/e0699fa0b16d0507f0f25d262d99ac95ee4eec2c	277.0	0.5899447714	3748.0	1.0	0.0	0.0	String Representation		String Handling	Datetime (Construction)		High	Medium	Medium	Medium	Dropping Time Zone Information		
adamchainz	time-machine	datetime.datetime.utcnow() should not have tzinfo	https://github.com/adamchainz/time-machine/issues/52	https://github.com/adamchainz/time-machine/commit/949f72a652cac28101350fcbee20afbe72880e8b	618.0	0.5885657281	1281.0	1.0	0.0	0.0	Time Zone		Datetime (Construction)			Low	Medium	Low	Low	Using NaÃ¯ve Datetime Incorrectly	Dropping Time Zone Information	
sdispater	pendulum	Off-by-one microsecond when parsing with certain timezones	https://github.com/sdispater/pendulum/issues/74	https://github.com/dokai/pendulum/commit/7d69bbe118ffee335def1c19e1abb06fa9f88359	6109.0	0.5856069094	4890.0	1.0	0.0	1.0	String Representation	Timestamps	Datetime (Construction)	String Handling		High	Low	High	High	Precision of Representation		
dateutil	dateutil	tzname() inconsistent between tzwin() and tzwinlocal() and neither reflect actual DST.	https://github.com/dateutil/dateutil/issues/143	https://github.com/dateutil/dateutil/pull/141	2266.0	0.5833259673	4932.0	1.0	0.0	0.0	Time Zone	DST	Datetime (Component)	Datetime (Construction)		Medium	Medium	Very High	High	General		
jazzband	djangorestframework-simplejwt	DeprecationWarning: datetime.datetime.utcnow() is deprecated	https://github.com/jazzband/djangorestframework-simplejwt/issues/756	https://github.com/iMerica/dj-rest-auth/pull/610	3867.0	0.5816509928	1253.0	1.0	0.0	0.0	Other		Datetime (Construction)			Low	Low	Medium	Low	Outdated/Deprecated APIs		
sdispater	pendulum	Timezone is empty on Windows 10 bash shell, causing error while unpickling Pendulum objects	https://github.com/sdispater/pendulum/issues/167	https://github.com/sdispater/pendulum/pull/174	6109.0	0.5815114874	2158.0	1.0	0.0	1.0	Time Zone		Datetime (Component)	String Handling		Medium	Medium	Medium	Low	General		
mage-ai	mage-ai	[BUG] Snowflake destination incorrect timezone information on UTC dates	https://github.com/mage-ai/mage-ai/issues/4821	https://github.com/mage-ai/mage-ai/pull/4875	7298.0	0.57788079	1832.0	1.0	0.0	1.0	Time Zone		Timestamp			Low	Medium	Low	Low	Using NaÃ¯ve Datetime Incorrectly		
python-humanize	humanize	naturaltime should support timezone-aware datetimes	https://github.com/python-humanize/humanize/issues/17	https://github.com/snarfed/webutil/commit/38e9086b239c3ab6d39a88ae9fdc09e7fccf4857	395.0	0.5773365263	1069.0	1.0	0.0	0.0	Time Zone	String Representation	String Handling			Low	Medium	Low	Medium	Using NaÃ¯ve Datetime Incorrectly		
rpy2	rpy2	Time shift with converting to pandas time series when time zone other than GMT	https://github.com/rpy2/rpy2/issues/634	https://github.com/rpy2/rpy2/commit/1eeabb3d986571065dbc6bb15a9ce98eb164cbda	517.0	0.5713758527	1736.0	1.0	0.0	0.0	Time Zone		Time Zone Localization	Datetime (Construction)		Low	Medium	Medium	Low	Using NaÃ¯ve Datetime Incorrectly		
twintproject	twint	Elasticsearch calculation for HOUR and Day	https://github.com/twintproject/twint/issues/401	https://github.com/twintproject/twint/commit/3b07559381e701bdb0808bd8c37fd2fb6afd8583	15621.0	0.5692844519	2132.0	1.0	0.0	0.0	Timestamps		Datetime (Construction)	Datetime (Component)		Low	Medium	Low	Low	Precision of Representation		
kiorky	croniter	Folding time when transitioning out of DST is not considered	https://github.com/kiorky/croniter/issues/56	https://github.com/apache/airflow/pull/35887	355.0	0.5644262298	1563.0	1.0	0.0	0.0	Time Zone	DST	Datetime (Construction)	Datetime (Arithmetic)		High	High	Very High	High	Unspecified Fold		
browser-history	browser-history	[TESTS] test_browsers_* outcome is timezone-dependent	https://github.com/browser-history/browser-history/issues/90	https://github.com/browser-history/browser-history/pull/93	153.0	0.562430549	15600.0	1.0	0.0	0.0	Time Zone	DST	Datetime (Construction)	Datetime (Arithmetic)		Medium	Low	Medium	Medium	Using NaÃ¯ve Datetime Incorrectly		
snowflakedb	snowflake-connector-python	SNOW-499493: Some interval math off by one microsecond for years beyond ~2250	https://github.com/snowflakedb/snowflake-connector-python/issues/926	https://github.com/snowflakedb/snowflake-connector-python/pull/1030	565.0	0.5583135765	3419.0	1.0	0.0	1.0	Timestamps		Datetime (Construction)			High	Low	Very High	High	Precision of Representation	General	
KoffeinFlummi	Chronyk	relative month parsing fails when target month has fewer days than the current date	https://github.com/KoffeinFlummi/Chronyk/issues/5	https://github.com/KoffeinFlummi/Chronyk/commit/5d7a1e233915041edd5b48e763003a11af138b4c	344.0	0.5531081467	1670.0	1.0	0.0	0.0	Calendar Date	String Representation	String Handling	String Handling		Medium	Medium	Medium	Medium	Unintuitive Arithmetic	OOB Datetimes or Timestamps	
ranaroussi	yfinance	Ticker.history() start and end datetime doesn't account for timezones	https://github.com/ranaroussi/yfinance/issues/545	https://github.com/ranaroussi/yfinance/pull/546	12242.0	0.5460838778	1339.0	1.0	0.0	0.0	Timestamps		Timestamp			Medium	Medium	Low	Low	Unintuitive Arithmetic	Dropping Time Zone Information	
nextcord	nextcord	datetime.datetime.utcnow is deprecated in Python 3.12	https://github.com/nextcord/nextcord/issues/1062	https://github.com/nextcord/nextcord/pull/1107	1145.0	0.5450500429	1168.0	1.0	0.0	0.0	Other		Datetime (Construction)			Low	Low	Low	Low	Outdated/Deprecated APIs		
model-bakers	model_bakery	seq doesn't work for timezone aware datetime objects	https://github.com/model-bakers/model_bakery/issues/322	https://github.com/model-bakers/model_bakery/pull/353	806.0	0.5443551003	1955.0	1.0	0.0	0.0	Time Zone		Datetime (Arithmetic)	Timestamp	Time Delta	Low	Medium	Medium	Low	Using NaÃ¯ve Datetime Incorrectly		
aws	aws-sdk-pandas	Unexpected exception `TypeError: 'NoneType' object is not subscriptable` reading parquet files with timezone aware timestamps	https://github.com/aws/aws-sdk-pandas/issues/1823	https://github.com/aws/aws-sdk-pandas/pull/1840	3834.0	0.541965309	2215.0	1.0	0.0	0.0	Time Zone	String Representation	String Handling			Low	High	Medium	Medium	Using NaÃ¯ve Datetime Incorrectly		
meteostat	meteostat-python	`Hourly` attempts to fetch data of next year	https://github.com/meteostat/meteostat-python/issues/132	https://github.com/meteostat/meteostat-python/commit/e3a927e6595d596e1b2649ea44b7df860e0760c6	379.0	0.5385583466	2875.0	1.0	0.0	0.0	Calendar Date		Datetime (Construction)			Low	High	Low	Medium	Unintuitive Arithmetic		
scrapinghub	dateparser	Returned datetime skips a day with time+timezone input and PREFER_DATES_FROM = 'future'	https://github.com/scrapinghub/dateparser/issues/403	https://github.com/reminder-bot/bot/pull/15	2480.0	0.5368515631	5721.0	1.0	0.0	0.0	Time Zone	String Representation	Datetime (Component)	String Handling		Medium	Medium	Medium	Medium	Using NaÃ¯ve Datetime Incorrectly		
BittyTax	BittyTax	bug: GMT, BST are not the same as Europe/London	https://github.com/BittyTax/BittyTax/issues/251	https://github.com/BittyTax/BittyTax/commit/e7f4bd3a0e9382effb57190be11c9b1f348c677d	407.0	0.5349894054	1541.0	1.0	0.0	0.0	Time Zone		Datetime (Construction)			Medium	Medium	Low	Low	General		
dateutil	dateutil	tzwin for the same timezone string does not compare equal	https://github.com/dateutil/dateutil/issues/151	https://github.com/dateutil/dateutil/pull/180	2266.0	0.5328494159	1188.0	1.0	0.0	0.0	Time Zone		Time Zone Localization			Medium	Medium	Medium	Low	Comparing Time Zones		
dateutil	dateutil	"AttributeError when strftime argument includes ""%Z"" for datetime.time"	https://github.com/dateutil/dateutil/issues/292	https://github.com/dateutil/dateutil/pull/309	2266.0	0.5290038546	1327.0	1.0	0.0	0.0	Time Zone		String Handling	Datetime (Construction)		Medium	Medium	Medium	Low	Incorrect Format Assumptions		
Couchers-org	couchers	Timezone issues in DB	https://github.com/Couchers-org/couchers/issues/322	https://github.com/Couchers-org/couchers/pull/324	355.0	0.5236403226	6243.0	1.0	0.0	0.0	Time Zone		Datetime (Construction)	Datetime (Arithmetic)		Low	High	Medium	Low	Using NaÃ¯ve Datetime Incorrectly		
dateutil	dateutil	dateutil does not accept a dt argument of None	https://github.com/dateutil/dateutil/issues/132	https://github.com/dateutil/dateutil/pull/141	2266.0	0.5224267405	1566.0	1.0	0.0	0.0	Time Zone		Datetime (Component)			Low	Medium	Very High	High	Incorrect Format Assumptions		
sdispater	pendulum	Interprets 2 digit year 85 as 2085 instead of 1985	https://github.com/sdispater/pendulum/issues/686	https://github.com/MrAlexBailey/pendulum-fix-YY/commit/1e560c9ccf5b11fd2beab409e81e123eb0ddb160	6109.0	0.5210428648	1601.0	1.0	0.0	1.0	Calendar Date	String Representation	String Handling			Low	Medium	Medium	Low	Unintuitive Arithmetic	Precision of Representation	OOB Datetimes or Timestamps
sdispater	pendulum	"Inconsistency with 'parse(""13:00"")' depending if Pendulum is built with C extensions or not"	https://github.com/sdispater/pendulum/issues/210	https://github.com/sdispater/pendulum/pull/251	6109.0	0.5203829295	1672.0	1.0	0.0	1.0	String Representation		String Handling	Datetime (Construction)		Medium	High	Medium	Medium	Precision of Representation		
ranaroussi	yfinance	Issue with DateTime index in yf.download	https://github.com/ranaroussi/yfinance/issues/125	https://github.com/rdiere/yfinance/commit/e7966b98b447002f0cff3070ad3054b1bcb8f97f	12242.0	0.5179997578	2992.0	1.0	0.0	0.0	String Representation		String Handling	Datetime (Construction)	Datetime (Arithmetic)	Medium	Medium	Medium	Low	Precision of Representation		
zulip	zulip	Naive datetime warnings in populate_db	https://github.com/zulip/zulip/issues/2729	https://github.com/refeed/zulip/commit/4d50ba5e6fd987fbbe7267727fdd72816964b84b	20271.0	0.5131649887	2537.0	1.0	0.0	0.0	Time Zone		Datetime (Construction)			Low	Medium	Low	Low	Using NaÃ¯ve Datetime Incorrectly		
pydantic	pydantic	Pydantic TzInfo(UTC) != datetime.UTC	https://github.com/pydantic/pydantic/issues/8683	https://github.com/pydantic/pydantic-core/pull/1197	19350.0	0.5128671556	5200.0	1.0	0.0	0.0	Time Zone		Time Zone Localization	Datetime (Construction)		Low	Low	Medium	Medium	Comparing Time Zones		
jborean93	smbprotocol	OverflowError when parsing timestamp header.	https://github.com/jborean93/smbprotocol/issues/114	https://github.com/demisto/content/pull/13345	302.0	0.5124121136	1676.0	1.0	0.0	0.0	Timestamps		Timestamp	String Handling		Medium	Medium	High	Medium	OOB Datetimes or Timestamps		
snooze92	alfred-epoch-converter	Guard against system bad timezone	https://github.com/snooze92/alfred-epoch-converter/issues/13	https://github.com/snooze92/alfred-epoch-converter/pull/14	154.0	0.5116369134	1457.0	1.0	0.0	0.0	Time Zone	DST	Datetime (Arithmetic)	Time Delta	Time Zone Localization	Medium	Medium	Medium	Medium	Using NaÃ¯ve Datetime Incorrectly		
agronholm	apscheduler	One-off job incorrectly scheduled if scheduler timezone different from system timezone	https://github.com/agronholm/apscheduler/issues/133	https://github.com/agronholm/apscheduler/commit/7ef878c6b4504727b5640e9c66f07dc40ed9249a	5869.0	0.5081901638	2368.0	1.0	0.0	0.0	Time Zone		Datetime (Construction)			Medium	Medium	Medium	Medium	Using NaÃ¯ve Datetime Incorrectly		
sdispater	pendulum	RecursionError when add or subtract-ing with a fixed offset timezone	https://github.com/sdispater/pendulum/issues/422	https://github.com/sdispater/pendulum/pull/431	6109.0	0.506924129	6459.0	1.0	0.0	1.0	Time Zone		Datetime (Arithmetic)	Time Zone Localization		Low	High	Low	Medium	General		
pallets-eco	flask-session	can't compare offset-naive and offset-aware datetimes	https://github.com/pallets-eco/flask-session/issues/85	https://github.com/pallets-eco/flask-session/pull/100	487.0	0.5059789004	1459.0	1.0	0.0	0.0	Time Zone		Datetime (Arithmetic)			Low	Medium	Medium	Medium	Using NaÃ¯ve Datetime Incorrectly		
trinodb	trino-python-client	Timestamp with time zone not mapped correctly	https://github.com/trinodb/trino-python-client/issues/366	https://github.com/trinodb/trino-python-client/pull/367	302.0	0.5032186542	1677.0	1.0	0.0	0.0	Time Zone	String Representation	Datetime (Construction)	Time Zone Localization	String Handling	Low	Medium	High	Medium	Incorrect API Usage		
apache	airflow	datetime.utcnow and datetime.utcfromtimestamp are deprecated in Python 3.12	https://github.com/apache/airflow/issues/32344	https://github.com/apache/airflow/pull/35448	35031.0	0.5018147482	4244.0	1.0	0.0	1.0	Other		Datetime (Construction)			Low	Low	Very High	Low	Outdated/Deprecated APIs		
eclecticiq	OpenTAXII	Timestamps are incorrectly stored when the database is running in a non-UTC timezone.	https://github.com/eclecticiq/OpenTAXII/issues/138	https://github.com/eclecticiq/OpenTAXII/pull/139	182.0	0.4984190305	1718.0	1.0	0.0	0.0	Time Zone		Datetime (Construction)			Low	Medium	Medium	Low	Using NaÃ¯ve Datetime Incorrectly		
timvink	mkdocs-git-revision-date-localized-plugin	`timezone` appears not to work	https://github.com/timvink/mkdocs-git-revision-date-localized-plugin/issues/79	https://github.com/timvink/mkdocs-git-revision-date-localized-plugin/pull/80	177.0	0.4970041183	1179.0	1.0	0.0	0.0	Time Zone		Datetime (Construction)			Low	Medium	Low	Low	General		
agronholm	apscheduler	Infinite loop in CalendarIntervalTrigger with UTC timezone	https://github.com/agronholm/apscheduler/issues/897	https://github.com/agronholm/apscheduler/pull/898	5869.0	0.4965091183	1557.0	1.0	0.0	0.0	Time Zone		Datetime (Arithmetic)			Low	Medium	Low	Low	Comparing Time Zones	Dropping Time Zone Information	
python	cpython	"Document the ""gotcha"" behaviors in utcnow() and utcfromtimestamp()"	https://github.com/python/cpython/issues/81669	https://github.com/odoo-dev/odoo/commit/67ff28cef66214328f26b5f3187a9ee85f8d9204	60455.0	0.4962715993	3847.0	1.0	0.0	0.0	Other		Datetime (Construction)	Time Zone Localization		Medium	Medium	Low	Medium	Outdated/Deprecated APIs		
ClickHouse	clickhouse-connect	Timezone-aware DateTime64 columns now returned missing the timezone info	https://github.com/ClickHouse/clickhouse-connect/issues/136	https://github.com/ClickHouse/clickhouse-connect/pull/137	272.0	0.4957090367	5069.0	1.0	1.0	0.0	Time Zone		Datetime (Construction)			Low	Medium	High	High	Dropping Time Zone Information		
dbt-labs	dbt-core	[CT-3374] [Bug] test_utils.TestCurrentTimestamp.test_current_timestamp_matches_utc is failing for the MacOS runner	https://github.com/dbt-labs/dbt-core/issues/9057	https://github.com/dbt-labs/dbt-core/pull/9058	9138.0	0.4935733761	2752.0	1.0	0.0	0.0	Duration		Time Delta	Time Delta	Datetime (Construction)	Low	Low	Low	Low	General		
certtools	intelmq	Harmonization DateTime incorrect handling of naive time strings	https://github.com/certtools/intelmq/issues/2278	https://github.com/gethvi/intelmq/commit/213ab60985d5b4ab2d1e6923c5d588b5efaf0c1c	944.0	0.4929734988	3073.0	1.0	0.0	1.0	Time Zone	String Representation	Time Zone Localization	String Handling	Datetime (Construction)	Low	Medium	High	Medium	Dropping Time Zone Information		
googleapis	python-bigquery	Timestamp loss of precision in insert_rows	https://github.com/googleapis/python-bigquery/issues/392	https://github.com/googleapis/python-bigquery/pull/393	717.0	0.4902244991	2030.0	1.0	0.0	0.0	String Representation	Timestamps	String Handling	Timestamp		Medium	Medium	Low	Low	Precision of Representation		
weewx	weewx	Daylight savings changeovers at midnight cause problems with daily summaries	https://github.com/weewx/weewx/issues/356	https://github.com/weewx/weewx/commit/0a5ee55d08262f12718f2367adb02d216fb7e610	974.0	0.489287511	1927.0	1.0	0.0	0.0	DST	Timestamps	Datetime (Construction)	Datetime (Component)		Medium	Low	Medium	Medium	Unintuitive Arithmetic	Precision of Representation	
pyopenapi	pyswagger	ISO 8601 timestamps with milliseconds are not parsed properly	https://github.com/pyopenapi/pyswagger/issues/83	https://github.com/pyopenapi/pyswagger/commit/9ff197972a6247f0f3849a625ec24acc1a35b6ab	381.0	0.4880820245	1868.0	1.0	0.0	0.0	String Representation	Time Zone	Datetime (Component)	String Handling		Low	Medium	Medium	Low	Incorrect Format Assumptions	Dropping Time Zone Information	
googleapis	python-bigquery-pandas	TST: dtype for BigQuery TIMESTAMP unexpectedly using datetime64[ns, UTC] dtype	https://github.com/googleapis/python-bigquery-pandas/issues/261	https://github.com/googleapis/python-bigquery-pandas/pull/262	425.0	0.4870506346	4424.0	1.0	0.0	0.0	Time Zone		Time Zone Localization	Timestamp		Low	Medium	Low	Low	General		
richardpenman	whois	Some registrars have timezones for expiration, some don't	https://github.com/richardpenman/whois/issues/183	https://github.com/richardpenman/whois/pull/209	340.0	0.4797678369	2287.0	1.0	0.0	0.0	Time Zone		Time Zone Localization	Datetime (Construction)		Low	Medium	Low	Low	Using NaÃ¯ve Datetime Incorrectly		
opendatacube	datacube-core	API Query doctest fails due to different timezone representation	https://github.com/opendatacube/datacube-core/issues/1485	https://github.com/opendatacube/datacube-core/pull/1527	492.0	0.4757127454	1398.0	1.0	0.0	0.0	Time Zone		Datetime (Arithmetic)			Low	Low	Low	Low	General	Comparing Time Zones	
dask-contrib	dask-sql	Timestamp improvements	https://github.com/dask-contrib/dask-sql/issues/982	https://github.com/dask-contrib/dask-sql/pull/973	372.0	0.475178856	1256.0	1.0	0.0	0.0	Timestamps		Timestamp	Datetime (Construction)		Medium	Low	Medium	Medium	Precision of Representation	OOB Datetimes or Timestamps	
kennethreitz	maya	Inconsistent conversion of datetime slang	https://github.com/kennethreitz/maya/issues/36	https://github.com/kennethreitz/maya/pull/38	3407.0	0.4749997788	1396.0	1.0	0.0	1.0	String Representation	Time Zone	String Handling	Datetime (Component)		Medium	Medium	Low	Low	Using NaÃ¯ve Datetime Incorrectly	Dropping Time Zone Information	
tobymao	sqlglot	Transforming a presto literal timestamp query to duckdb	https://github.com/tobymao/sqlglot/issues/1779	https://github.com/tobymao/sqlglot/pull/1780	5871.0	0.4743360269	1836.0	1.0	0.0	0.0	Calendar Date	Duration	Time Delta			Low	Medium	Medium	Low	Incorrect Format Assumptions		
python-social-auth	social-core	UserMixin.expiration_timedelta() returns wrong value because timedelta is calculated using different timezones	https://github.com/python-social-auth/social-core/issues/128	https://github.com/python-social-auth/social-core/pull/129	832.0	0.4741014125	2224.0	1.0	0.0	0.0	Duration		Datetime (Arithmetic)	Datetime (Construction)	Time Delta	Low	Medium	Low	Low	Using NaÃ¯ve Datetime Incorrectly		
art049	odmantic	pydantic ValidationError for datetime fields if microsecond is 999xyz	https://github.com/art049/odmantic/issues/99	https://github.com/art049/odmantic/pull/100	1002.0	0.4727722801	2059.0	1.0	0.0	0.0	String Representation	Calendar Date	Datetime (Construction)	Datetime (Component)	String Handling	Medium	Medium	Low	Low	Precision of Representation	Incorrect Format Assumptions	
python-openapi	openapi-core	Consider moving to isodate.parse_datetime as date time string unmarsaller	https://github.com/python-openapi/openapi-core/issues/235	https://github.com/python-openapi/openapi-core/pull/237	282.0	0.4672578992	1248.0	1.0	0.0	0.0	String Representation	Time Zone	String Handling	Datetime (Construction)		Low	Medium	Medium	Low	Dropping Time Zone Information		
jschneier	django-storages	modified_time in s3boto3 raises ValueError: astimezone() cannot be applied to a naive datetime	https://github.com/jschneier/django-storages/issues/225	https://github.com/jschneier/django-storages/pull/226	2664.0	0.4669540982	1203.0	1.0	0.0	0.0	Time Zone		Time Zone Localization			Low	High	Medium	Medium	Using NaÃ¯ve Datetime Incorrectly		
sdispater	pendulum	pendulum.DateTime using hardcoded pendulum.datetime in methods	https://github.com/sdispater/pendulum/issues/203	https://github.com/sdispater/pendulum/pull/707	6109.0	0.4660724547	1297.0	1.0	0.0	1.0	Other		Datetime (Construction)			Low	High	High	High	General		
stac-utils	pystac-client	search result depends on datetime format	https://github.com/stac-utils/pystac-client/issues/644	https://github.com/stac-utils/pystac-client/pull/686	146.0	0.4648592497	8577.0	1.0	0.0	0.0	Time Zone	String Representation	Time Zone Localization	String Handling		Medium	Medium	Low	Medium	Using NaÃ¯ve Datetime Incorrectly		
sdispater	pendulum	deepcopy on DateTime produces incorrect offset in copy during dst transition	https://github.com/sdispater/pendulum/issues/767	https://github.com/sdispater/pendulum/commit/eab4f0e4bcd75468e463da3c5fc5eff60d37a696	6109.0	0.4613947502	2697.0	1.0	0.0	1.0	DST		Datetime (Construction)			High	Medium	Medium	Low	Unspecified Fold		
gjcarneiro	yacron	wrong task start time(due to UTC)	https://github.com/gjcarneiro/yacron/issues/17	https://github.com/gjcarneiro/yacron/commit/84cf969eef6f957fa824d9973b892b9626d2de11	447.0	0.4594198086	1275.0	1.0	0.0	0.0	Time Zone	Other	Datetime (Construction)			Low	Medium	Medium	Low	Using NaÃ¯ve Datetime Incorrectly	Outdated/Deprecated APIs	
influxdata	influxdb-client-python	Nanoseconds lost when pd.Timestamp is used as a query parameter	https://github.com/influxdata/influxdb-client-python/issues/455	https://github.com/influxdata/influxdb-client-python/pull/457	677.0	0.4578990733	1016.0	1.0	0.0	0.0	String Representation		String Handling			Low	Low	Medium	Low	Precision of Representation		
dateutil	dateutil	Allow tzinfos to return None	https://github.com/dateutil/dateutil/issues/661	https://github.com/dateutil/dateutil/pull/540	2266.0	0.4577893797	1295.0	1.0	0.0	0.0	Time Zone	String Representation	String Handling	String Handling	Datetime (Component)	Medium	Low	Medium	Medium	Incorrect Format Assumptions	Dropping Time Zone Information	
echoboomer	incident-bot	[BUG] Timestamp mismatch	https://github.com/echoboomer/incident-bot/issues/453	https://github.com/echoboomer/incident-bot/pull/461	112.0	0.4570247449	2410.0	1.0	0.0	0.0	Time Zone		Time Zone Localization			Low	Medium	Medium	Low	Incorrect API Usage		
dora-metrics	pelorus	convert_date_time_to_timestamp incorrectly handles timezones	https://github.com/dora-metrics/pelorus/issues/662	https://github.com/dora-metrics/pelorus/pull/664	238.0	0.4546595501	3465.0	1.0	0.0	0.0	Time Zone	Timestamps	Timestamp	Time Zone Localization		Low	Medium	Very High	High	Dropping Time Zone Information		
sdispater	pendulum	Bad results using .replace() during DST transitioning off	https://github.com/sdispater/pendulum/issues/415	https://github.com/sdispater/pendulum/pull/414	6109.0	0.4538252292	1491.0	1.0	0.0	1.0	DST		Datetime (Component)			High	Medium	Low	Low	Unspecified Fold		
aws	aws-sdk-pandas	"read_parquet with Pyarrow backed tries to tz_localize(tz=""UTC"") on already localised UTC timestamps"	https://github.com/aws/aws-sdk-pandas/issues/2410	https://github.com/aws/aws-sdk-pandas/pull/2411	3834.0	0.4530123304	2018.0	1.0	0.0	0.0	Time Zone		Time Zone Localization			Low	High	Low	Medium	Using NaÃ¯ve Datetime Incorrectly		
heavyai	pymapd	"TypeError: Invalid datetime unit in metadata string ""[ns, UTC]"" while inserting records into Timestamp column"	https://github.com/heavyai/pymapd/issues/253	https://github.com/heavyai/pymapd/commit/1647bdd12cc8ac02a4b54eecc399c6159e5bf000	111.0	0.452256298	1372.0	1.0	0.0	0.0	Time Zone	String Representation	String Handling			Low	Medium	Medium	Low	Dropping Time Zone Information		
dateutil	dateutil	tzlocal uses startup timezone; parse uses runtime timezone	https://github.com/dateutil/dateutil/issues/100	https://github.com/dateutil/dateutil/pull/101	2266.0	0.4518933849	1917.0	1.0	0.0	0.0	Time Zone	DST	Time Zone Localization	Datetime (Construction)		Medium	Medium	Medium	Medium	Unintuitive Arithmetic		
brython-dev	brython	datetime.strptime and time.strptime  don't parse dates with month > 9	https://github.com/brython-dev/brython/issues/1849	https://github.com/brython-dev/brython/commit/2e6b2fbcc80b65fdd62193a303e73cc38af6b766	6292.0	0.4500111221	2048.0	1.0	0.0	0.0	String Representation		String Handling			Low	High	High	Medium	Incorrect Format Assumptions		
sktime	sktime	[BUG] `day_of_year` is not generated in `DateTimeFeatures` transformation	https://github.com/sktime/sktime/issues/3188	https://github.com/sktime/sktime/pull/3222	7514.0	0.4491603577	1687.0	1.0	0.0	0.0	Calendar Date		Datetime (Component)			Low	Medium	High	Medium	Incorrect API Usage	Incorrect Format Assumptions	
census-instrumentation	opencensus-python	datetime parsing in tracer fails sometimes	https://github.com/census-instrumentation/opencensus-python/issues/547	https://github.com/census-instrumentation/opencensus-python/pull/552	663.0	0.4487905736	1604.0	1.0	0.0	0.0	String Representation	Timestamps	String Handling			High	Medium	Medium	Medium	Incorrect Format Assumptions		
SEED-platform	seed	Strftime fails for buildings older than 1900	https://github.com/SEED-platform/seed/issues/1439	https://github.com/SEED-platform/seed/pull/1444	106.0	0.4442925925	1652.0	1.0	0.0	0.0	String Representation	Calendar Date	String Handling	Datetime (Construction)		Medium	High	Medium	Low	OOB Datetimes or Timestamps		
googleapis	python-storage	Accessing blob.custom_time errors on 0 microsecond timestamp	https://github.com/googleapis/python-storage/issues/363	https://github.com/googleapis/python-storage/pull/371	420.0	0.4400521562	3395.0	1.0	0.0	0.0	String Representation	Timestamps	String Handling			High	Medium	Medium	Medium	Incorrect Format Assumptions		
Pycord-Development	pycord	Task repeats a Hundred Billion Times when task's timezone is not UTC	https://github.com/Pycord-Development/pycord/issues/2187	https://github.com/Pycord-Development/pycord/pull/2196	2671.0	0.4367994297	4114.0	1.0	0.0	0.0	Time Zone		Datetime (Construction)			Low	High	Medium	Medium	Using NaÃ¯ve Datetime Incorrectly		
sdispater	pendulum	Pendulum can not find timezone on Alpine docker, resulting in `.now()` being broken	https://github.com/sdispater/pendulum/issues/715	https://github.com/sdispater/pendulum/commit/879250702da7e2f51e27c122d8d53cbbb3b734fd	6109.0	0.4363678703	2805.0	1.0	0.0	1.0	Time Zone		Datetime (Construction)	Time Zone Localization		Low	High	Low	Low	Using NaÃ¯ve Datetime Incorrectly		
pydantic	pydantic	Serialization -> de-serialisation fails for small timedelta (< 100 microseconds)	https://github.com/pydantic/pydantic/issues/3315	https://github.com/pydantic/pydantic/pull/3346	19350.0	0.435709689	2181.0	1.0	0.0	0.0	Duration		String Handling	Time Delta		Medium	Medium	Low	Low	Precision of Representation	Incorrect Format Assumptions	
tobymao	sqlglot	Optimizer Error - CAST(string column) + time interval	https://github.com/tobymao/sqlglot/issues/918	https://github.com/tobymao/sqlglot/pull/922	5871.0	0.4298240087	1459.0	1.0	0.0	0.0	Calendar Date	Timestamps	Datetime (Construction)			Low	High	Medium	Medium	Incorrect API Usage		
danielgtaylor	python-betterproto	Timestamp bad parsing	https://github.com/danielgtaylor/python-betterproto/issues/407	https://github.com/Gobot1234/python-betterproto/commit/193c9137c3af9f4a88aa3f75d56429314243d510	1423.0	0.42779501	9372.0	1.0	0.0	0.0	Timestamps		Datetime (Construction)			Medium	Medium	Medium	Medium	OOB Datetimes or Timestamps		
sdispater	pendulum	Duration methods (total_days(), in_days()) return incorrect values and/or do not match docs	https://github.com/sdispater/pendulum/issues/475	https://github.com/sdispater/pendulum/pull/482	6109.0	0.4277014632	2924.0	1.0	0.0	1.0	Duration		Datetime (Component)	Time Delta	Time Delta	Low	Medium	High	High	Unintuitive Arithmetic		
scrapinghub	dateparser	Timezone confusion (mine)	https://github.com/scrapinghub/dateparser/issues/212	https://github.com/scrapinghub/dateparser/pull/235	2480.0	0.4273058764	1198.0	1.0	0.0	0.0	Time Zone	String Representation	String Handling	Datetime (Construction)		Medium	Medium	High	High	Incorrect Format Assumptions		
quantopian	trading_calendars	TypeError: data is already tz-aware UTC in get_calendar()	https://github.com/quantopian/trading_calendars/issues/45	https://github.com/quantopian/trading_calendars/pull/48	605.0	0.4270354022	1261.0	1.0	0.0	0.0	Time Zone		Datetime (Construction)	Datetime (Arithmetic)		Low	Medium	Very High	Low	General	Comparing Time Zones	Incorrect Format Assumptions
zulip	zulip	Replace naive datetimes in the asana, basecamp, and codebase integrations.	https://github.com/zulip/zulip/issues/3809	https://github.com/roberthoenig/zulip/commit/f07704b6018505b510d27543e34fa9bda590c5f5	20271.0	0.4270049814	2106.0	1.0	0.0	0.0	Time Zone		Datetime (Construction)			Low	Low	Low	Low	Using NaÃ¯ve Datetime Incorrectly		
pydantic	pydantic	Date string coerced to datetime infers timezone	https://github.com/pydantic/pydantic/issues/8762	https://github.com/pydantic/pydantic-core/pull/1193	19350.0	0.4257122641	2670.0	1.0	0.0	0.0	Time Zone		Datetime (Construction)			Low	Medium	Low	Low	Using NaÃ¯ve Datetime Incorrectly		
NatLibFi	Annif	Problem parsing timestamps from Maui Server	https://github.com/NatLibFi/Annif/issues/431	https://github.com/NatLibFi/Annif/commit/bd1c68f8933db6ba183b0771bfd6e211cd9f19c9	186.0	0.4251568676	1144.0	1.0	0.0	0.0	Time Zone		String Handling	Datetime (Construction)		Low	High	Medium	Medium	Incorrect Format Assumptions	Using NaÃ¯ve Datetime Incorrectly	
nautobot	nautobot	Weekly job executing after 6 days instead of 7	https://github.com/nautobot/nautobot/issues/2426	https://github.com/nautobot/nautobot/pull/2670	922.0	0.4229286636	1781.0	1.0	0.0	0.0	String Representation	Calendar Date	String Handling	Datetime (Construction)		Low	Medium	Low	Low	Incorrect Format Assumptions		
GoogleCloudPlatform	professional-services-data-validator	validate column: error handling a very large timestamp '9999-12-31 23:59:59'	https://github.com/GoogleCloudPlatform/professional-services-data-validator/issues/1053	https://github.com/GoogleCloudPlatform/professional-services-data-validator/pull/1117	382.0	0.422801515	4198.0	1.0	0.0	0.0	String Representation	Timestamps	String Handling	Datetime (Component)		Medium	Medium	High	Medium	OOB Datetimes or Timestamps		
frictionlessdata	frictionless-py	"Pandas warning ""Comparison of Timestamp"""	https://github.com/frictionlessdata/frictionless-py/issues/1210	https://github.com/frictionlessdata/frictionless-py/pull/1338	683.0	0.4222483268	2405.0	1.0	0.0	0.0	Other		Datetime (Construction)			Low	Low	Medium	Low	Outdated/Deprecated APIs		
apache	airflow	Task and dagrun duration y-axis is incorrect if the last task has a different duration unit	https://github.com/apache/airflow/issues/38371	https://github.com/apache/airflow/pull/38374	35031.0	0.3990044156	2416.0	1.0	0.0	1.0	Duration		Time Delta			Medium	Low	Medium	Medium	Precision of Representation		
dateutil	dateutil	Test failure: test_tzlocal_offset_equal[GMT-tzoff1] (dateutil 2.8.0)	https://github.com/dateutil/dateutil/issues/918	https://github.com/dateutil/dateutil/pull/928	2266.0	0.3905171625	11087.0	1.0	0.0	0.0	Time Zone		Time Zone Localization	Datetime (Component)		High	Low	Low	Low	General	Comparing Time Zones	
